fileName,pinataURI
rarepizzas-unopenedbox.0.png,https://gateway.pinata.cloud/ipfs/QmRrMg2EkgRJ2GnYEoe4nJbMNGyRGbXbMjYCi26HR1NvgX
rarepizzas-unopenedbox.1.png,https://gateway.pinata.cloud/ipfs/QmNRMZQtpV61FtpcNrNLRYW3ksx6n7eDCmK8vSTcuFktEo
rarepizzas-unopenedbox.2.png,https://gateway.pinata.cloud/ipfs/Qmc1jLtAsKF9KPhw59MJguNVG9qfiF5QPB6Dzw4GjxBBen
rarepizzas-unopenedbox.3.png,https://gateway.pinata.cloud/ipfs/QmRfWRUhYv7R72WE9psp3xZwNfxU4rAP6uR41EpL5LgmPk
rarepizzas-unopenedbox.4.png,https://gateway.pinata.cloud/ipfs/QmZi3kdf4fSQ2tnRNVVbgRBPt7KVmwjXRGK6a7di5tH5bA
rarepizzas-unopenedbox.5.png,https://gateway.pinata.cloud/ipfs/QmQXZ5UiMD38iWnL1KAdqLdVKwZZcfA98FGzwyo77Yu1DC
rarepizzas-unopenedbox.6.png,https://gateway.pinata.cloud/ipfs/QmbYNh7SxYU53QCvRz4tJhr5Jmhh7mU9VZowPaRLqg1nME
rarepizzas-unopenedbox.7.png,https://gateway.pinata.cloud/ipfs/QmcTpip2KLnDW7b7yavg7VD98P5CEtW8bFkg5TV6Ex4iQd
rarepizzas-unopenedbox.8.png,https://gateway.pinata.cloud/ipfs/QmNgrR3bYKTKgioaP7GCpodx98Mq8smNxLP7WWBj18Y5Qz
rarepizzas-unopenedbox.9.png,https://gateway.pinata.cloud/ipfs/Qmf2gQPsXn82ajQ9aaBxtSW6WTqQFSa1t7Kmi8oWtzy6oq
rarepizzas-unopenedbox.10.png,https://gateway.pinata.cloud/ipfs/QmNwzKSPyvqKwRBVJKVgip1C1y2ujGySY5Q3QSRpV2pH9a
rarepizzas-unopenedbox.11.png,https://gateway.pinata.cloud/ipfs/Qma967xh6sm1qRBnXw1uYhmZiPkCZdrVnBf1wBh8LtSsYQ
rarepizzas-unopenedbox.12.png,https://gateway.pinata.cloud/ipfs/QmYb7xDT9JjA5eQvVQjx5xRHY38YBAu9PM4s7gn2cq7vGr
rarepizzas-unopenedbox.13.png,https://gateway.pinata.cloud/ipfs/QmbH3DyXLQqimcYBwt82EiupEmNHuXeZJD5ihaDXJMnwtC
rarepizzas-unopenedbox.14.png,https://gateway.pinata.cloud/ipfs/QmTrx8SyqEeQUfoggFcAa6cVMCrqp5nt7a8P8GS4MYjmb3
rarepizzas-unopenedbox.15.png,https://gateway.pinata.cloud/ipfs/Qmetie6YZiVFZ6X5mJsnbJivRZZv7HoGSPfs5AqN4wSA8Z
rarepizzas-unopenedbox.16.png,https://gateway.pinata.cloud/ipfs/QmTxthNLCynwiJr5icursR9kiaerhsy8qQs55UHaExWeRR
rarepizzas-unopenedbox.17.png,https://gateway.pinata.cloud/ipfs/QmYFJFEPgNFLW64PbhRGAMHoPB59QCYxrrLHscJ5Q4F6Tn
rarepizzas-unopenedbox.18.png,https://gateway.pinata.cloud/ipfs/QmVotDPJuDqcw43G79J1vRw59ZzUyqjxR5Tfs1TJJjrWdj
rarepizzas-unopenedbox.19.png,https://gateway.pinata.cloud/ipfs/QmTUAMCZu2HP9NveMu5Q56KHAJRUSN1yMaxK1dKCZpVH38
rarepizzas-unopenedbox.20.png,https://gateway.pinata.cloud/ipfs/QmZiwTr2goZ236ARHZ1RLpVdBErWKAun4RU3fh9CjPeYuv
rarepizzas-unopenedbox.21.png,https://gateway.pinata.cloud/ipfs/QmRExGdfXU9n7WGDJxzd1XCy4G8i5UZhxWypfAQnVqZyKj
rarepizzas-unopenedbox.22.png,https://gateway.pinata.cloud/ipfs/QmWo5GYBk4VrdCEmEHYK9XUWcTgpakhdm1Kr92MsP7ErcN
rarepizzas-unopenedbox.23.png,https://gateway.pinata.cloud/ipfs/QmQexuV2gcfbYKqqG7hbbUVnaDXvc3oHFpjQP3BeGBUKVv
rarepizzas-unopenedbox.24.png,https://gateway.pinata.cloud/ipfs/QmYbsJJ1V96xZFELSzcB3udGNxT6nFKug8xofXWSuLjSYi
rarepizzas-unopenedbox.25.png,https://gateway.pinata.cloud/ipfs/QmRAeEjmVYxz1gJ6vA3Ec5Ln123pgF7MP3niXKhMNT5Cwr
rarepizzas-unopenedbox.26.png,https://gateway.pinata.cloud/ipfs/QmVqpnPDzpqcjwagCS8x4WrnCEAMNvHJdeA8QBY75XahJr
rarepizzas-unopenedbox.27.png,https://gateway.pinata.cloud/ipfs/QmTV2BWswGpy4x1Xy5rnDek68u7NApeSqkbWk759y5bg83
rarepizzas-unopenedbox.28.png,https://gateway.pinata.cloud/ipfs/QmNtCk6qnjDhNoqJEW5xfqbjjaGJcVVSiWahrtx31tFC7S
rarepizzas-unopenedbox.29.png,https://gateway.pinata.cloud/ipfs/QmTVJES8E4wkABwT6hb9b6cheKhCBb4QqH1s17GATBABjw
rarepizzas-unopenedbox.30.png,https://gateway.pinata.cloud/ipfs/QmVe5JmeZgkk7UKnaXs6Ln21F2dWw7Fs8DvDmhpUbdgadL
rarepizzas-unopenedbox.31.png,https://gateway.pinata.cloud/ipfs/QmaQ6DNhQv7AzDBCBFWTTJ7ZtHSqfNzFkfdrYVPHnNwrW7
rarepizzas-unopenedbox.32.png,https://gateway.pinata.cloud/ipfs/QmXmVJj5ibVX6VBu9syoo9aLknKahBPDPKn6gkfFMMeXub
rarepizzas-unopenedbox.33.png,https://gateway.pinata.cloud/ipfs/QmTwUb3PSDH2zxizc1bqAxLXLDdb2H3Rna4R33L9UBFkDX
rarepizzas-unopenedbox.34.png,https://gateway.pinata.cloud/ipfs/QmWRzKu1KgNzYjoLQjQqFUH3CC6Rt9KaENMbR4sjV4DuNn
rarepizzas-unopenedbox.35.png,https://gateway.pinata.cloud/ipfs/QmXAyK6foHEgZGvQ6uAk8CtMZ41Y2beezKQMkn2Udq4WsN
rarepizzas-unopenedbox.36.png,https://gateway.pinata.cloud/ipfs/QmcCcMiUsajn1K4dp4fWiCEr5wd9bvr4Tn3AS7vMZYYKKU
rarepizzas-unopenedbox.37.png,https://gateway.pinata.cloud/ipfs/QmaBZeHVE25SxaossougTbaQeapQ7V4KSa37xZUzowuXLh
rarepizzas-unopenedbox.38.png,https://gateway.pinata.cloud/ipfs/QmRbhzSiUz7zWPhHra7TazUXdkWtg7dRhQNuTyhJk3nVWg
rarepizzas-unopenedbox.39.png,https://gateway.pinata.cloud/ipfs/QmPMprTeMBs5U7rzKBx9LwY5AM25k78fgKyKH3utL8ZS5F
rarepizzas-unopenedbox.40.png,https://gateway.pinata.cloud/ipfs/QmVgSoDhfh1wFEf2cR1bWWvscfebZkF8a4kG1BxsVFUdJK
rarepizzas-unopenedbox.41.png,https://gateway.pinata.cloud/ipfs/QmWtvetN87YxG3VuLXqac1b3NALyosAC5VBCwcY5DBBuFd
rarepizzas-unopenedbox.42.png,https://gateway.pinata.cloud/ipfs/QmRwHzpKVUjZ8ssKiBTgWcHrwn5Q2uNpksVwztVxvpGKHU
rarepizzas-unopenedbox.43.png,https://gateway.pinata.cloud/ipfs/QmRNo93qa1JW529e8WXaJ6JzpynWUq5HbZBKD2HeBKnA88
rarepizzas-unopenedbox.44.png,https://gateway.pinata.cloud/ipfs/QmXkL3fT7znYTbNhfkHy5rQ6mXf6okeSY4t6WfzSkQDLFp
rarepizzas-unopenedbox.45.png,https://gateway.pinata.cloud/ipfs/Qmarw69shhXnKvLHsQt7ixEXWWPLXz45TzK4SmpmcjSrSt
rarepizzas-unopenedbox.46.png,https://gateway.pinata.cloud/ipfs/QmaAUtGHb3bRyuSpnzxnKZSfAt2Zx2iNqcdcBZJHe21Jtw
rarepizzas-unopenedbox.47.png,https://gateway.pinata.cloud/ipfs/QmSaciSCjcm43W1q5LeT7jfsuUi5D1gUCAVG67uSrXSVC7
rarepizzas-unopenedbox.48.png,https://gateway.pinata.cloud/ipfs/QmR3neR1ygpYL5pwTfEtLQHvJmU1jtpSFdR89FHJ3rjvmG
rarepizzas-unopenedbox.49.png,https://gateway.pinata.cloud/ipfs/QmcX7hBARtKS7pmKsTKdDu4Z34nB55kyVCDgmDrGsr5vHg
rarepizzas-unopenedbox.50.png,https://gateway.pinata.cloud/ipfs/QmZS37qmcgZ919HfpKQggkfJVfT3frQ2vRqZnvoYb6quZY
rarepizzas-unopenedbox.51.png,https://gateway.pinata.cloud/ipfs/QmW73VzNaKPX23EM2Npa737dHBZYzWv1F4MMxn1czsozLn
rarepizzas-unopenedbox.52.png,https://gateway.pinata.cloud/ipfs/Qme9QQ1c8uATq2g1AGHoKDn7sbkxBLyKNzoA4zCTx5j2W2
rarepizzas-unopenedbox.53.png,https://gateway.pinata.cloud/ipfs/QmQ6uNjYE3sctbX5CgMEE6Dw6J23r9yPQvoNzRfdCJtjvK
rarepizzas-unopenedbox.54.png,https://gateway.pinata.cloud/ipfs/QmYg5LCwzeyP4YuBv9vm9nuGPrrwnHKuxYv5fBwojdT8qz
rarepizzas-unopenedbox.55.png,https://gateway.pinata.cloud/ipfs/QmaJhBqu4AJhrHSYqRCXz6v238NyZKTLSULsYYs1oaUZ8h
rarepizzas-unopenedbox.56.png,https://gateway.pinata.cloud/ipfs/QmUUvmAaybPU8np93FRz8t76LfnsovV3SokiCtEgEfCygf
rarepizzas-unopenedbox.57.png,https://gateway.pinata.cloud/ipfs/Qmc4KZRAaSQGQiV7mYpk4TeJQD46LLhVU7ZYRKypvuuePr
rarepizzas-unopenedbox.58.png,https://gateway.pinata.cloud/ipfs/QmVLz6TzkMMctQ3Zs6EKsPgpz5D9NGsM466pF5xW9SEhaV
rarepizzas-unopenedbox.59.png,https://gateway.pinata.cloud/ipfs/QmWW132yD2wkhAHzFb5XkLsmvZoAnmnEusRw3k3Y6yLXcU
rarepizzas-unopenedbox.60.png,https://gateway.pinata.cloud/ipfs/QmYvNKEcFMXAncpX4HHuVNrJrLBGh2iwombz4CVLJBheAU
rarepizzas-unopenedbox.61.png,https://gateway.pinata.cloud/ipfs/QmVPkX8LLqJuRZwYDd5cpxTxRpqZoHJw17AkDVAPXvosiR
rarepizzas-unopenedbox.62.png,https://gateway.pinata.cloud/ipfs/Qmf63kqBqXvqLdHgP9zEomTDQxP2gcf1wjYT4sDEXXK93Y
rarepizzas-unopenedbox.63.png,https://gateway.pinata.cloud/ipfs/QmVfBXkSzZWnf4nNHEE5cZLuWABhin4xgypRwjHFBXAJJM
rarepizzas-unopenedbox.64.png,https://gateway.pinata.cloud/ipfs/QmbTC2bgMnYCY3gDLAjStotUpEXgptCcgjPzPamgCWJoR2
rarepizzas-unopenedbox.65.png,https://gateway.pinata.cloud/ipfs/QmetdFn5TAiJPS5YseGRZGy7cGhWnL6z3kNFUbTTxhjLnX
rarepizzas-unopenedbox.66.png,https://gateway.pinata.cloud/ipfs/QmeJBew8G2Rva7MC7eUQreeL46ZUUFNFTKpm4HXVCf2EUx
rarepizzas-unopenedbox.67.png,https://gateway.pinata.cloud/ipfs/QmTzyvgmsCVSvUw9DdshzrrLUvvQM3mCnbY78yAVG86e1f
rarepizzas-unopenedbox.68.png,https://gateway.pinata.cloud/ipfs/QmQXhFazWKgfw1j44zbV5HtuvVsX4v4MtgZ4M5jPh8LMzr
rarepizzas-unopenedbox.69.png,https://gateway.pinata.cloud/ipfs/QmWmXP3CAEUMW1mvyR7DtXCzf6C572BoF5M9kaCzeVXPEB
rarepizzas-unopenedbox.70.png,https://gateway.pinata.cloud/ipfs/QmXD8xmKUNkxi7r7KLm7KyCZk33tAXpRC5g37StjShyQS5
rarepizzas-unopenedbox.71.png,https://gateway.pinata.cloud/ipfs/QmcfRvLhzGZQE6SUjQWjwUZ4BCGgrVSW2S7HE9dX7hnLv2
rarepizzas-unopenedbox.72.png,https://gateway.pinata.cloud/ipfs/Qmc9oPVqdAL3JJqra6N7YoD8Mm1MPhhZeBncVS78Jvu5sA
rarepizzas-unopenedbox.73.png,https://gateway.pinata.cloud/ipfs/Qmb6jksqYukNx5P4jm5uTiMXK2QrfLrBFGzGW5ATCUNcsa
rarepizzas-unopenedbox.74.png,https://gateway.pinata.cloud/ipfs/QmYfiR74832ga5p41G2Ra1vhwATrCAgVdzg55rs3TCG62u
rarepizzas-unopenedbox.75.png,https://gateway.pinata.cloud/ipfs/QmRJ62oBB2vgDsGnpHhVgwqFeR4nRLhMVEHrgCjmR3prh2
rarepizzas-unopenedbox.76.png,https://gateway.pinata.cloud/ipfs/QmQCECQ6Nh1Kj1y9eNEuga7WQsBY2ZJM67MePM5JSKf8g9
rarepizzas-unopenedbox.77.png,https://gateway.pinata.cloud/ipfs/QmUiZE3ve9H1qPdQ3k5NMZ3AEG8GpGmzWGx5xzywkAN2vi
rarepizzas-unopenedbox.78.png,https://gateway.pinata.cloud/ipfs/QmV3bsFE1ExRsNeVtku7hdRWwd8nqeR41m85eYXBNoEz6K
rarepizzas-unopenedbox.79.png,https://gateway.pinata.cloud/ipfs/QmUiZ1Xkr8MdtfQFMQPfkb8PHK43eFRDi6RXR3XdmDkfTb
rarepizzas-unopenedbox.80.png,https://gateway.pinata.cloud/ipfs/QmcAKd9RCLbTjadfS4B6qUaaxxo1LGB2h44PszMD3a2KWZ
rarepizzas-unopenedbox.81.png,https://gateway.pinata.cloud/ipfs/QmeZaPrgMhJuPJx9FQrgV1hphLpnswYVQfgqQjLQPN8ybc
rarepizzas-unopenedbox.82.png,https://gateway.pinata.cloud/ipfs/QmUtV2CZquxs7ncAYr5CW6198VxUQkP8uYYzVZefb4oSJE
rarepizzas-unopenedbox.83.png,https://gateway.pinata.cloud/ipfs/QmefTtQvgYtsqS6oYWwn7mPJimBLiDyE7sN9VwaNMXGxad
rarepizzas-unopenedbox.84.png,https://gateway.pinata.cloud/ipfs/QmPiveXtggzHmp6syhtqCPgJJVGPAzQrNCfcckxU66qaW9
rarepizzas-unopenedbox.85.png,https://gateway.pinata.cloud/ipfs/QmTFeh2JvL6tB6EjiapjFfexzhycLjKxgmbRdc8FT7iomK
rarepizzas-unopenedbox.86.png,https://gateway.pinata.cloud/ipfs/QmPzHDYtWpxfcMPpmu7fYugyLRDoSwoHkusKQ42YVSRGoA
rarepizzas-unopenedbox.87.png,https://gateway.pinata.cloud/ipfs/QmcHEJSvftiRYWKjk3HPV5fQGznEMs5VcNsM8S4jKZ7MXA
rarepizzas-unopenedbox.88.png,https://gateway.pinata.cloud/ipfs/QmUfLtcuRbL74soYMJPUgXkU48eJ1Y38K2RwNUUVzm4r6v
rarepizzas-unopenedbox.89.png,https://gateway.pinata.cloud/ipfs/QmcfCLufKJv2bLsBgf8CDeFsEo5Kvd4DuDxXXg1asSYNkv
rarepizzas-unopenedbox.90.png,https://gateway.pinata.cloud/ipfs/QmPQtDtYBDykQX1NtiQ7MMT4MdHMz7Vj4SBvgAor1W22Qa
rarepizzas-unopenedbox.91.png,https://gateway.pinata.cloud/ipfs/QmfLGhqd2thMWXJAwhzK57oTh7PpWNq4FRGmDqrszVcWUL
rarepizzas-unopenedbox.92.png,https://gateway.pinata.cloud/ipfs/Qmdj4vgVcbK6cHez39hHSMGgX5rJjAfZQX2YfcE1LgN8H9
rarepizzas-unopenedbox.93.png,https://gateway.pinata.cloud/ipfs/QmbskynYp1ASN6pD153w9pPvy8jLx4dC9kWYNXBQde6jAW
rarepizzas-unopenedbox.94.png,https://gateway.pinata.cloud/ipfs/QmRn6Uio6g2Tz8CiNd7VX1AaLmDvaaEy7Cv6ZAswP4tRsf
rarepizzas-unopenedbox.95.png,https://gateway.pinata.cloud/ipfs/QmQUfEXG3YFsY49oxTwgwgdUyHroNAP9DZFMPLpPcK7XPA
rarepizzas-unopenedbox.96.png,https://gateway.pinata.cloud/ipfs/QmRvzSvmdd8f51scCBb48FZ1HNzDidh1EdS7GTfj5rFSqZ
rarepizzas-unopenedbox.97.png,https://gateway.pinata.cloud/ipfs/QmeXgWZSouqRj95xsbPF7q59aVY24KeGB326Y4zwme6UPP
rarepizzas-unopenedbox.98.png,https://gateway.pinata.cloud/ipfs/QmbGjHM7GYnwwByeigxNmcpddpxafAwbb5cvjeSqTM6iP5
rarepizzas-unopenedbox.99.png,https://gateway.pinata.cloud/ipfs/QmVzimsHCfty8Dz438HZxugr9mykjxr1i5iKcGHenCizt6
rarepizzas-unopenedbox.100.png,https://gateway.pinata.cloud/ipfs/QmZT1dCdsrBthYy9n23e7zgMdhFoUzMh2HgoZV7yzvhaom
